titulo,descripcion,fechaLanzamiento
Almanya - Welcome to Germany (Almanya - Willkommen in Deutschland),Comedy|Drama,7/13/2023
"English Surgeon, The",Documentary,1/14/2023
Empire of Passion (a.k.a. In the Realm of Passion) (a.k.a. Phantom Love) (Ai No Borei),Crime|Drama|Romance,7/2/2023
Tales from the Crypt Presents: Demon Knight,Horror|Thriller,8/7/2022
Dream Home (Wai dor lei ah yut ho),Horror,9/4/2022
It's All Gone Pete Tong,Comedy|Drama|Musical,10/22/2022
Gambling City,Crime|Drama,5/14/2023
Saraband,Drama,2/28/2023
Gleason,Drama,10/26/2022
"Thomas Crown Affair, The",Crime|Drama|Romance|Thriller,5/10/2023
Boy Meets Boy,Romance,1/16/2023
"Scarecrow, The",Comedy,2/5/2023
Judas Kiss,Drama|Sci-Fi,10/11/2022
Blood Games ,Action|Thriller,2/23/2023
Borderland,Crime|Horror|Thriller,7/27/2023
"Christmas Carol: The Musical, A (Christmas Carol, A)",Drama|Fantasy|Musical,12/26/2022
So Much So Fast,Documentary,6/13/2023
Boys Life,Drama,5/26/2023
Shanghaied,Comedy,9/2/2022
Interview with the Assassin,Drama,6/20/2023
Dodgeball: A True Underdog Story,Comedy,7/23/2023
From Beijing with Love,Action|Comedy,5/31/2023
"Last Days, The",Documentary,2/9/2023
Die Hard: With a Vengeance,Action|Crime|Thriller,7/29/2023
"Great Outdoors, The",Comedy,1/24/2023
"Life Aquatic with Steve Zissou, The",Adventure|Comedy|Fantasy,4/16/2023
XXY,Drama,10/29/2022
Scooby-Doo! and the Witch's Ghost,Animation|Comedy|Mystery,7/12/2023
Shrek the Halls,Adventure|Animation|Comedy|Fantasy,7/21/2023
"Chant of Jimmy Blacksmith, The",Drama,7/26/2023
Sex and Breakfast,Comedy|Drama|Romance,6/10/2023
No Exit (Huis clos),Drama,7/14/2023
The Heavy,Action|Thriller,9/9/2022
Trench Road (Juoksuhaudantie),Comedy|Drama,6/29/2023
Scattered Clouds (Midaregumo),Drama,5/12/2023
Cats,Musical,11/10/2022
"Touch of Sin, A (Tian zhu ding)",Drama,8/3/2022
Siete minutos (Seven Minutes),Comedy,5/11/2023
Alien Space Avenger,Comedy|Horror|Sci-Fi,5/21/2023
Paranormal Activity: The Marked Ones,Horror|Thriller,10/31/2022
True Believer,Crime,6/27/2023
"OH in Ohio, The",Comedy,1/28/2023
Bastards of the Party,Documentary,2/3/2023
Beyond Bedlam,Drama|Horror,6/9/2023
Born Reckless,Comedy|Crime|Drama,4/16/2023
100 Ways to Murder Your Wife (Sha qi er ren zu),Comedy,2/20/2023
Tulpan,Comedy|Drama,11/8/2022
Quest for a Heart (Röllin sydän),Adventure|Animation|Children|Fantasy|Musical,6/25/2023
Heathcliff: The Movie,Animation|Comedy,8/20/2022
Monkey Trouble,Children|Comedy,10/23/2022
